id,cluster,priority_by_fit,persona,search_intent,query_en,content_owner,status,supporting_vocabulary_sources,monthly_volume,keyword_difficulty,next_validation
Q01,adoption_value,P0,CEO/COO/CFO,symptom,why AI adoption is not delivering ROI,proposed ai-adoption-delivery-gains.html; launch Home summary,query hypothesis; demand unmeasured,S1;S3;B1,not measured,not measured,reader language; locale-specific keyword data if available; post-launch Search Console
Q02,adoption_value,P0,CEO/COO/CFO,symptom,AI tools not improving developer productivity,proposed ai-adoption-delivery-gains.html; launch Home summary,query hypothesis; demand unmeasured,S1;S3;B1,not measured,not measured,reader language; locale-specific keyword data if available; post-launch Search Console
Q03,adoption_value,P0,CEO/COO/CFO,diagnosis,AI productivity gains not improving software delivery,proposed ai-adoption-delivery-gains.html; launch Home summary,query hypothesis; demand unmeasured,S1;S3;B1,not measured,not measured,reader language; locale-specific keyword data if available; post-launch Search Console
Q04,adoption_value,P0,CEO/COO/CFO,diagnosis,how to measure ROI of AI coding assistants,proposed ai-adoption-delivery-gains.html; launch Home summary,query hypothesis; demand unmeasured,S1;S3;B1,not measured,not measured,reader language; locale-specific keyword data if available; post-launch Search Console
Q05,adoption_value,P0,CEO/COO/CFO,symptom,AI adoption costs rising without business value,proposed ai-adoption-delivery-gains.html; launch Home summary,query hypothesis; demand unmeasured,S1;S3;B1,not measured,not measured,reader language; locale-specific keyword data if available; post-launch Search Console
Q06,adoption_value,P0,CEO/COO/CFO,solution,how to improve enterprise AI adoption outcomes,proposed ai-adoption-delivery-gains.html; launch Home summary,query hypothesis; demand unmeasured,S1;S3;B1,not measured,not measured,reader language; locale-specific keyword data if available; post-launch Search Console
Q07,verification_quality,P0,CTO/VP Engineering,diagnosis,AI code review bottleneck,proposed ai-adoption-delivery-gains.html; launch Home summary,query hypothesis; demand unmeasured,S2;B1;O2,not measured,not measured,reader language; locale-specific keyword data if available; post-launch Search Console
Q08,verification_quality,P0,CTO/VP Engineering,symptom,AI coding assistants increase review workload,proposed ai-adoption-delivery-gains.html; launch Home summary,query hypothesis; demand unmeasured,S2;B1;O2,not measured,not measured,reader language; locale-specific keyword data if available; post-launch Search Console
Q09,verification_quality,P0,CTO/VP Engineering,diagnosis,AI generated code technical debt,proposed ai-adoption-delivery-gains.html; launch Home summary,query hypothesis; demand unmeasured,S2;B1;O2,not measured,not measured,reader language; locale-specific keyword data if available; post-launch Search Console
Q10,verification_quality,P0,CTO/VP Engineering,solution,how to govern AI generated code,proposed ai-adoption-delivery-gains.html; launch Home summary,query hypothesis; demand unmeasured,S2;B1;O2,not measured,not measured,reader language; locale-specific keyword data if available; post-launch Search Console
Q11,verification_quality,P0,CTO/VP Engineering,solution,AI assisted SDLC governance,proposed ai-adoption-delivery-gains.html; launch Home summary,query hypothesis; demand unmeasured,S2;B1;O2,not measured,not measured,reader language; locale-specific keyword data if available; post-launch Search Console
Q12,verification_quality,P0,CTO/VP Engineering,symptom,more AI code but slower software delivery,proposed ai-adoption-delivery-gains.html; launch Home summary,query hypothesis; demand unmeasured,S2;B1;O2,not measured,not measured,reader language; locale-specific keyword data if available; post-launch Search Console
Q13,agents_production,P0,CTO/AI program lead,symptom,why AI agents fail in production,proposed agentic-ai-production-governance.html; launch Home summary,query hypothesis; demand unmeasured,S3;S4;B1,not measured,not measured,reader language; locale-specific keyword data if available; post-launch Search Console
Q14,agents_production,P0,CTO/AI program lead,symptom,AI agent unpredictable behavior in production,proposed agentic-ai-production-governance.html; launch Home summary,query hypothesis; demand unmeasured,S3;S4;B1,not measured,not measured,reader language; locale-specific keyword data if available; post-launch Search Console
Q15,agents_production,P0,CTO/AI program lead,solution,how to control autonomous AI agents,proposed agentic-ai-production-governance.html; launch Home summary,query hypothesis; demand unmeasured,S3;S4;B1,not measured,not measured,reader language; locale-specific keyword data if available; post-launch Search Console
Q16,agents_production,P0,CTO/AI program lead,solution,AI agent production readiness,proposed agentic-ai-production-governance.html; launch Home summary,query hypothesis; demand unmeasured,S3;S4;B1,not measured,not measured,reader language; locale-specific keyword data if available; post-launch Search Console
Q17,agents_production,P0,CTO/AI program lead,solution,human oversight of AI agents,proposed agentic-ai-production-governance.html; launch Home summary,query hypothesis; demand unmeasured,S3;S4;B1,not measured,not measured,reader language; locale-specific keyword data if available; post-launch Search Console
Q18,agents_production,P0,CTO/AI program lead,diagnosis,AI pilot to production challenges,proposed agentic-ai-production-governance.html; launch Home summary,query hypothesis; demand unmeasured,S3;S4;B1,not measured,not measured,reader language; locale-specific keyword data if available; post-launch Search Console
Q19,agent_cost_actions,P1,CTO/COO/platform lead,symptom,AI agent cost overruns,proposed agentic-ai-production-governance.html; launch Home summary,query hypothesis; demand unmeasured,S3;B1,not measured,not measured,reader language; locale-specific keyword data if available; post-launch Search Console
Q20,agent_cost_actions,P1,CTO/COO/platform lead,solution,how to stop runaway AI agent loops,proposed agentic-ai-production-governance.html; launch Home summary,query hypothesis; demand unmeasured,S3;B1,not measured,not measured,reader language; locale-specific keyword data if available; post-launch Search Console
Q21,agent_cost_actions,P1,CTO/COO/platform lead,solution,AI agent cost governance,proposed agentic-ai-production-governance.html; launch Home summary,query hypothesis; demand unmeasured,S3;B1,not measured,not measured,reader language; locale-specific keyword data if available; post-launch Search Console
Q22,agent_cost_actions,P1,CTO/COO/platform lead,symptom,AI agents taking unintended actions,proposed agentic-ai-production-governance.html; launch Home summary,query hypothesis; demand unmeasured,S3;B1,not measured,not measured,reader language; locale-specific keyword data if available; post-launch Search Console
Q23,agent_cost_actions,P1,CTO/COO/platform lead,solution,AI agent permissions and approval controls,proposed agentic-ai-production-governance.html; launch Home summary,query hypothesis; demand unmeasured,S3;B1,not measured,not measured,reader language; locale-specific keyword data if available; post-launch Search Console
Q24,agent_cost_actions,P1,CTO/COO/platform lead,diagnosis,who is accountable for AI agents in production,proposed agentic-ai-production-governance.html; launch Home summary,query hypothesis; demand unmeasured,S3;B1,not measured,not measured,reader language; locale-specific keyword data if available; post-launch Search Console
Q25,advisory_operating_model,P0,CTO/CIO/COO,provider,AI delivery governance consulting,index.html#help; index.html#contact,query hypothesis; demand unmeasured,B1;S3;O1,not measured,not measured,reader language; locale-specific keyword data if available; post-launch Search Console
Q26,advisory_operating_model,P0,CTO/CIO/COO,provider,AI operating model consulting,index.html#help; index.html#contact,query hypothesis; demand unmeasured,B1;S3;O1,not measured,not measured,reader language; locale-specific keyword data if available; post-launch Search Console
Q27,advisory_operating_model,P0,CTO/CIO/COO,provider,agentic AI governance consulting,index.html#help; index.html#contact,query hypothesis; demand unmeasured,B1;S3;O1,not measured,not measured,reader language; locale-specific keyword data if available; post-launch Search Console
Q28,advisory_operating_model,P0,CTO/CIO/COO,solution,agentic AI operating model,index.html#help; index.html#contact,query hypothesis; demand unmeasured,B1;S3;O1,not measured,not measured,reader language; locale-specific keyword data if available; post-launch Search Console
Q29,advisory_operating_model,P0,CTO/CIO/COO,provider,AI adoption assessment for software teams,index.html#help; index.html#contact,query hypothesis; demand unmeasured,B1;S3;O1,not measured,not measured,reader language; locale-specific keyword data if available; post-launch Search Console
Q30,advisory_operating_model,P0,CTO/CIO/COO,provider,AI assisted SDLC assessment,index.html#help; index.html#contact,query hypothesis; demand unmeasured,B1;S3;O1,not measured,not measured,reader language; locale-specific keyword data if available; post-launch Search Console
Q31,it_services_pmo,P1,services CEO/COO/PMO lead,solution,AI adoption for IT services companies,proposed ai-adoption-delivery-gains.html; launch Home summary,query hypothesis; demand unmeasured,B1,not measured,not measured,reader language; locale-specific keyword data if available; post-launch Search Console
Q32,it_services_pmo,P1,services CEO/COO/PMO lead,diagnosis,AI impact on software services margins,proposed ai-adoption-delivery-gains.html; launch Home summary,query hypothesis; demand unmeasured,B1,not measured,not measured,reader language; locale-specific keyword data if available; post-launch Search Console
Q33,it_services_pmo,P1,services CEO/COO/PMO lead,solution,AI delivery transformation,proposed ai-adoption-delivery-gains.html; launch Home summary,query hypothesis; demand unmeasured,B1,not measured,not measured,reader language; locale-specific keyword data if available; post-launch Search Console
Q34,it_services_pmo,P1,services CEO/COO/PMO lead,solution,PMO transformation with AI,proposed ai-adoption-delivery-gains.html; launch Home summary,query hypothesis; demand unmeasured,B1,not measured,not measured,reader language; locale-specific keyword data if available; post-launch Search Console
Q35,it_services_pmo,P1,services CEO/COO/PMO lead,solution,AI adoption across software delivery teams,proposed ai-adoption-delivery-gains.html; launch Home summary,query hypothesis; demand unmeasured,B1,not measured,not measured,reader language; locale-specific keyword data if available; post-launch Search Console
Q36,it_services_pmo,P1,services CEO/COO/PMO lead,diagnosis,AI productivity client pricing pressure IT services,proposed ai-adoption-delivery-gains.html; launch Home summary,query hypothesis; demand unmeasured,B1,not measured,not measured,reader language; locale-specific keyword data if available; post-launch Search Console
Q37,workflow_differentiation,P2,services CEO/strategy lead,solution,AI native workflow protection,existing English Moat article via featured card; no new launch page,query hypothesis; demand unmeasured,B1,not measured,not measured,reader language; locale-specific keyword data if available; post-launch Search Console
Q38,workflow_differentiation,P2,services CEO/strategy lead,diagnosis,AI workflow intellectual property,existing English Moat article via featured card; no new launch page,query hypothesis; demand unmeasured,B1,not measured,not measured,reader language; locale-specific keyword data if available; post-launch Search Console
Q39,workflow_differentiation,P2,services CEO/strategy lead,solution,AI services competitive differentiation,existing English Moat article via featured card; no new launch page,query hypothesis; demand unmeasured,B1,not measured,not measured,reader language; locale-specific keyword data if available; post-launch Search Console
Q40,workflow_differentiation,P2,services CEO/strategy lead,diagnosis,AI workflow moat,existing English Moat article via featured card; no new launch page,query hypothesis; demand unmeasured,B1,not measured,not measured,reader language; locale-specific keyword data if available; post-launch Search Console
Q41,workflow_differentiation,P2,services CEO/strategy lead,solution,protecting company knowledge in AI workflows,existing English Moat article via featured card; no new launch page,query hypothesis; demand unmeasured,B1,not measured,not measured,reader language; locale-specific keyword data if available; post-launch Search Console
Q42,workflow_differentiation,P2,services CEO/strategy lead,solution,reusable AI adoption practices across teams,existing English Moat article via featured card; no new launch page,query hypothesis; demand unmeasured,B1,not measured,not measured,reader language; locale-specific keyword data if available; post-launch Search Console
Q43,author_research,preserve,referred buyer/research reader,credibility,Vitalii Oborskyi AI governance,research.html and original research/publication links,query hypothesis; demand unmeasured,B1;maintainer research,not measured,not measured,reader language; locale-specific keyword data if available; post-launch Search Console
Q44,author_research,preserve,referred buyer/research reader,credibility,Uncertainty Architecture Thinking Systems,research.html and original research/publication links,query hypothesis; demand unmeasured,B1;maintainer research,not measured,not measured,reader language; locale-specific keyword data if available; post-launch Search Console
Q45,author_research,preserve,referred buyer/research reader,credibility,The Subprime Code Crisis,research.html and original research/publication links,query hypothesis; demand unmeasured,B1;maintainer research,not measured,not measured,reader language; locale-specific keyword data if available; post-launch Search Console
Q46,author_research,preserve,referred buyer/research reader,research,control theory for AI systems,research.html and original research/publication links,query hypothesis; demand unmeasured,B1;maintainer research,not measured,not measured,reader language; locale-specific keyword data if available; post-launch Search Console
Q47,author_research,preserve,referred buyer/research reader,research,Theory of Constraints AI software delivery,research.html and original research/publication links,query hypothesis; demand unmeasured,B1;maintainer research,not measured,not measured,reader language; locale-specific keyword data if available; post-launch Search Console
Q48,author_research,preserve,referred buyer/research reader,research,socio technical systems AI operating models,research.html and original research/publication links,query hypothesis; demand unmeasured,B1;maintainer research,not measured,not measured,reader language; locale-specific keyword data if available; post-launch Search Console
